place_id,google_id,name,category,subtypes,website,phone,address,city,postal_code,country,rating,reviews,business_status,google_maps_url,query,email,linkedin,facebook,instagram,relevant,priority,property_type,estimated_property_count,independent_operator,ideal_customer,claude_reason
ChIJs9UN0DUDdkgRutjvuNcU2no,0x48760335d00dd5b3:0x7ada14d7b8efd8ba,Wombat's City Hostel London,Hostel,"Hostel, Bar",,+44 20 7680 7600,,London,E1 8LL,United Kingdom of Great Britain and Northern Ireland,4.4,3790,OPERATIONAL,"https://www.google.com/maps/place/Wombat%27s+City+Hostel+London/@51.510505599999995,-0.068171,14z/data=!4m8!1m2!2m1!1sWombat%27s+City+Hostel+London!3m4!1s0x48760335d00dd5b3:0x7ada14d7b8efd8ba!8m2!3d51.510505599999995!4d-0.068171",hostel London United Kingdom,,,,,true,A,Hostel,1,true,true,Operating hostel matches ideal customer accommodation types; Independently operates single property in London; Clear operational focus with strong review engagement
ChIJEWSsmdwQdkgRPbB44m_Ah-s,0x487610dc99ac6411:0xeb87c06fe278b03d,London Backpackers,Youth hostel,"Youth hostel, Hostel",https://www.londonbackpackers.com/%3Futm_source%3Dgoogle%26utm_medium%3Dorganic%26utm_campaign%3DGMB_website_URL,+44 20 8203 1319,"Queens Parade, 8-10, Queens Rd, London NW4 3NS",London,NW4 3NS,United Kingdom of Great Britain and Northern Ireland,4.6,2899,OPERATIONAL,"https://www.google.com/maps/place/London+Backpackers/@51.5826601,-0.2262547,14z/data=!4m8!1m2!2m1!1sLondon+Backpackers!3m4!1s0x487610dc99ac6411:0xeb87c06fe278b03d!8m2!3d51.5826601!4d-0.2262547",hostel London United Kingdom,,,,,true,A,Hostel,1,true,true,Independent single-location hostel operator; Strong online presence and good reviews (4.6 rating); Perfect fit for PulseHub's ideal customer profile
ChIJu1UiKl4DdkgRGOOjQBEm3-4,0x4876035e2a2255bb:0xeedf261140a3e318,Restup London,Hostel,Hostel,https://www.restup.co.uk/,+44 20 3642 4549,"Driscoll House, 172 New Kent Rd, London SE1 4YT",London,SE1 4YT,United Kingdom of Great Britain and Northern Ireland,3.3,2869,OPERATIONAL,"https://www.google.com/maps/place/Restup+London/@51.4939937,-0.0906775,14z/data=!4m8!1m2!2m1!1sRestup+London!3m4!1s0x4876035e2a2255bb:0xeedf261140a3e318!8m2!3d51.4939937!4d-0.0906775",hostel London United Kingdom,,,,,true,A,Hostel,1,true,true,Independent single-location hostel operator; Sole property focus; Strong candidate for founder-led outreach
ChIJxfQdClUFdkgRuYx8KD9Aq7Q,0x487605550a1df4c5:0xb4ab403f287c8cb9,Smart Hyde Park Inn,Hostel,"Hostel, Hotel",,+44 20 7123 9355,,London,W2 3JA,United Kingdom of Great Britain and Northern Ireland,3.3,2273,OPERATIONAL,"https://www.google.com/maps/place/Smart+Hyde+Park+Inn/@51.5123837,-0.1860599,14z/data=!4m8!1m2!2m1!1sSmart+Hyde+Park+Inn!3m4!1s0x487605550a1df4c5:0xb4ab403f287c8cb9!8m2!3d51.5123837!4d-0.1860599",hostel London United Kingdom,,,,,true,A,Hostel,1,true,true,Independent hostel operator in London; Core business is accommodation management; Matches ideal customer profile
ChIJ06ltalMFdkgRKuYlJvvKnhI,0x487605536a6da9d3:0x129ecafb2625e62a,Smart Hyde Park View,Hostel,"Hostel, Hotel",,+44 20 7101 7763,,London,W2 3EU,United Kingdom of Great Britain and Northern Ireland,3.7,2024,OPERATIONAL,"https://www.google.com/maps/place/Smart+Hyde+Park+View/@51.51177,-0.182925,14z/data=!4m8!1m2!2m1!1sSmart+Hyde+Park+View!3m4!1s0x487605536a6da9d3:0x129ecafb2625e62a!8m2!3d51.51177!4d-0.182925",hostel London United Kingdom,,,,,true,A,Hostel,1,true,true,Independent hostel operator in London; Core business is accommodation management; Matches ideal customer profile
ChIJ39LzkscPdkgRfoG7OS_qhfQ,0x48760fc792f3d2df:0xf485ea2f39bb817e,Abercorn House London,Hotel,"Hotel, Group accommodation, Hostel, Serviced accommodation",,+44 20 8563 8692,,London,W6 7DR,United Kingdom of Great Britain and Northern Ireland,3.4,1180,OPERATIONAL,"https://www.google.com/maps/place/Abercorn+House+London/@51.494488399999994,-0.22209099999999998,14z/data=!4m8!1m2!2m1!1sAbercorn+House+London!3m4!1s0x48760fc792f3d2df:0xf485ea2f39bb817e!8m2!3d51.494488399999994!4d-0.22209099999999998",guest house London United Kingdom,,,,,true,A,Hotel/Group accommodation,1,true,true,Independent hotel/group accommodation operator in London; Core business is accommodation management; Matches ideal customer profile
ChIJafxqoXkQdkgRnbv6Ld02VkE,0x48761079a16afc69:0x415636dd2dfabb9d,Charlotte Guest House,Guest house,"Guest house, Serviced accommodation",https://www.charlotteguesthouse.co.uk/,+44 20 7794 6476,"195, 197 Sumatra Rd, London NW6 1PF",London,NW6 1PF,United Kingdom of Great Britain and Northern Ireland,4.4,768,OPERATIONAL,"https://www.google.com/maps/place/Charlotte+Guest+House/@51.548801499999996,-0.1923311,14z/data=!4m8!1m2!2m1!1sCharlotte+Guest+House!3m4!1s0x48761079a16afc69:0x415636dd2dfabb9d!8m2!3d51.548801499999996!4d-0.1923311",guest house London United Kingdom,,,,,true,A,Guest House,1,true,true,Independent guest house operator managing single serviced accommodation property; Exact fit for ideal customer profile; Small owner-operated accommodation business
ChIJd6g8o1UEdkgRh0nfJ_BnYaI,0x48760455a33ca877:0xa26167f027df4987,Chelsea Guest House,Guest house,"Guest house, Hotel",http://www.chelseaguesthouse.co.uk/,+44 20 7627 6262,"372 Wandsworth Rd, Nine Elms, London SW8 4TE",London,SW8 4TE,United Kingdom of Great Britain and Northern Ireland,4.0,636,OPERATIONAL,"https://www.google.com/maps/place/Chelsea+Guest+House/@51.4714161,-0.1372332,14z/data=!4m8!1m2!2m1!1sChelsea+Guest+House!3m4!1s0x48760455a33ca877:0xa26167f027df4987!8m2!3d51.4714161!4d-0.1372332",guest house London United Kingdom,,,,,true,A,Guest house,1,true,true,Independent guest house operator; Core business is accommodation management; Single property with strong online presence
ChIJw6CY5mIFdkgRlvSMs9tKaUk,0x48760562e698a0c3:0x49694adbb38cf496,Chelsea House Hotel,Bed & breakfast,Bed & breakfast,http://www.chelsea-house.co.uk/,+44 20 7244 7700,"96 Redcliffe Gardens, London SW10 9HH",London,SW10 9HH,United Kingdom of Great Britain and Northern Ireland,3.7,491,OPERATIONAL,"https://www.google.com/maps/place/Chelsea+House+Hotel/@51.4888493,-0.1901863,14z/data=!4m8!1m2!2m1!1sChelsea+House+Hotel!3m4!1s0x48760562e698a0c3:0x49694adbb38cf496!8m2!3d51.4888493!4d-0.1901863",guest house London United Kingdom,,,,,true,A,Bed & breakfast,1,true,true,Independent bed & breakfast operator; Single property focused on accommodation; Core business is guest management
ChIJKVSWXSEbdkgR0bow4nBgXFQ,0x48761b215d965429:0x545c6070e230bad1,The Pack and Carriage,Guest house,"Guest house, Bar, Bed & breakfast, Hotel",http://www.thepackandcarriage.london/,+44 20 7916 2181,"162 Eversholt St, London NW1 1BL",London,NW1 1BL,United Kingdom of Great Britain and Northern Ireland,4.0,472,OPERATIONAL,"https://www.google.com/maps/place/The+Pack+and+Carriage/@51.5319831,-0.1356239,14z/data=!4m8!1m2!2m1!1sThe+Pack+and+Carriage!3m4!1s0x48761b215d965429:0x545c6070e230bad1!8m2!3d51.5319831!4d-0.1356239",guest house London United Kingdom,,,,,true,A,Guest house,1,true,true,Independent guest house operator; Operates accommodation as core business; Ideal property scale for PulseHub
ChIJFdhDLegPdkgR2fBK-zQJ85U,0x48760fe82d43d815:0x95f30934fb4af0d9,Urbany Hostel London,Youth hostel,Youth hostel,http://www.urbanyhostels.com/urbany-london-hostel,+44 20 7846 8667,"48-49 Prince's Square, London W2 4PX",London,W2 4PX,United Kingdom of Great Britain and Northern Ireland,4.5,411,OPERATIONAL,"https://www.google.com/maps/place/Urbany+Hostel+London/@51.513434499999995,-0.1917508,14z/data=!4m8!1m2!2m1!1sUrbany+Hostel+London!3m4!1s0x48760fe82d43d815:0x95f30934fb4af0d9!8m2!3d51.513434499999995!4d-0.1917508",hostel London United Kingdom,,,,,true,A,Hostel,1,true,true,Independent hostel operator; Operates accommodation as core business; Well-reviewed property within ideal scale
ChIJkY_BR7YadkgRdtUWVPI4ULs,0x48761ab647c18f91:0xbb5038f25416d576,Bell House Hostel,Hostel,Hostel,https://www.bellhousehostel.co.uk/,+44 7440 256002,"Bell House, 91 Bell St, Greater, London NW1 6TL",London,NW1 6TL,United Kingdom of Great Britain and Northern Ireland,3.3,374,OPERATIONAL,"https://www.google.com/maps/place/Bell+House+Hostel/@51.5220547,-0.1661151,14z/data=!4m8!1m2!2m1!1sBell+House+Hostel!3m4!1s0x48761ab647c18f91:0xbb5038f25416d576!8m2!3d51.5220547!4d-0.1661151",hostel London United Kingdom,,,,,true,A,Hostel,1,true,true,Independent hostel operator; Single property focus; Operates accommodation as core business
ChIJ81Qi5H0bdkgRy25gEqfbgxk,0x48761b7de42254f3:0x1983dba712606ecb,The Highbury Centre,Guest house,"Guest house, Bed & breakfast, Lodge",,+44 20 7226 2663,,London,N5 2BJ,United Kingdom of Great Britain and Northern Ireland,4.6,257,OPERATIONAL,"https://www.google.com/maps/place/The+Highbury+Centre/@51.5513305,-0.0951283,14z/data=!4m8!1m2!2m1!1sThe+Highbury+Centre!3m4!1s0x48761b7de42254f3:0x1983dba712606ecb!8m2!3d51.5513305!4d-0.0951283",guest house London United Kingdom,,,,,true,A,Guest house,1-3,true,true,"Independent guest house operator in London; Well-rated (4.6 stars, 257 reviews) indicates active management; Clear accommodation focus - core business model"
ChIJDTyTF5gFdkgRC_z0fjOnrx0,0x4876059817933c0d:0x1dafa7337ef4fc0b,The Lavender Guest House - Book Direct for Best Rates,Guest house,"Guest house, Bed & breakfast, Hotel",,+44 20 7585 2767,,London,SW11 1HA,United Kingdom of Great Britain and Northern Ireland,4.9,250,OPERATIONAL,"https://www.google.com/maps/place/The+Lavender+Guest+House+-+Book+Direct+for+Best+Rates/@51.463059,-0.165568,14z/data=!4m8!1m2!2m1!1sThe+Lavender+Guest+House+-+Book+Direct+for+Best+Rates!3m4!1s0x4876059817933c0d:0x1dafa7337ef4fc0b!8m2!3d51.463059!4d-0.165568",guest house London United Kingdom,,,,,true,A,Guest house,1-3,true,true,"Independent guest house with strong ratings (4.9 stars, 250 reviews); Direct booking emphasis suggests self-managed operation; Fits ideal customer profile for accommodation operator"
ChIJkxlJCoEPdkgRZiOYvZn7AeE,0x48760f810a491993:0xe101fb99bd982366,Bed & Breakfast/ Georgiana's Guest House,Bed & breakfast,Bed & breakfast,https://georgianabedandbreakfast.com/,+44 7768 336557,"2 Cresford Rd, London SW6 2AH",London,SW6 2AH,United Kingdom of Great Britain and Northern Ireland,4.9,172,OPERATIONAL,"https://www.google.com/maps/place/Bed+%26+Breakfast%2F+Georgiana%27s+Guest+House/@51.475612899999994,-0.1919029,14z/data=!4m8!1m2!2m1!1sBed+%26+Breakfast%2F+Georgiana%27s+Guest+House!3m4!1s0x48760f810a491993:0xe101fb99bd982366!8m2!3d51.475612899999994!4d-0.1919029",guest house London United Kingdom,,,,,true,A,Guest House / Bed & Breakfast,1,true,true,"Independent operator managing single guest house property; Perfect fit for PulseHub's 1-10 property target; Core business is accommodation management, not ancillary service"
ChIJDxyLo5AQdkgR3L6-eBbJHzs,0x48761090a38b1c0f:0x3b1fc91678bebedc,Martel Guest House,Guest house,"Guest house, Bed & breakfast",http://www.martelguesthouse.co.uk/,+44 20 8455 1802,"27 The Ridgeway, London NW11 8QP",London,NW11 8QP,United Kingdom of Great Britain and Northern Ireland,4.4,143,OPERATIONAL,"https://www.google.com/maps/place/Martel+Guest+House/@51.5713892,-0.20020939999999998,14z/data=!4m8!1m2!2m1!1sMartel+Guest+House!3m4!1s0x48761090a38b1c0f:0x3b1fc91678bebedc!8m2!3d51.5713892!4d-0.20020939999999998",guest house London United Kingdom,,,,,true,A,Guest House / Bed & Breakfast,1,true,true,"Independent guest house operator managing single property; Perfect match for PulseHub's 1-10 property independent operator target; Core business is accommodation operation, not ancillary service"
ChIJSfDUmvIadkgR66HQu0gJiuQ,0x48761af29ad4f049:0xe48a0948bbd0a1eb,Primrose Guesthouse,Guest house,"Guest house, Bed & breakfast, Indoor accommodation",http://www.primroseguesthouse.co.uk/,+44 7735 550098,"34 Primrose Gardens, Belsize Park, London NW3 4TN",London,NW3 4TN,United Kingdom of Great Britain and Northern Ireland,4.6,87,OPERATIONAL,"https://www.google.com/maps/place/Primrose+Guesthouse/@51.547304,-0.1628048,14z/data=!4m8!1m2!2m1!1sPrimrose+Guesthouse!3m4!1s0x48761af29ad4f049:0xe48a0948bbd0a1eb!8m2!3d51.547304!4d-0.1628048",guest house London United Kingdom,,,,,true,A,Guest House,1,true,true,Independent guesthouse operator; Single property management; Strong rating indicates professional operation
ChIJSU6Gd6sFdkgRg1s_xRlgyDQ,0x487605ab77864e49:0x34c86019c53f5b83,Clapham Guest House,Guest house,"Guest house, Hotel, Serviced accommodation",http://www.claphamguesthouse.com/,+44 20 7819 9997,"685 Wandsworth Rd, London SW8 3JE",London,SW8 3JE,United Kingdom of Great Britain and Northern Ireland,3.8,72,OPERATIONAL,"https://www.google.com/maps/place/Clapham+Guest+House/@51.4681984,-0.1438021,14z/data=!4m8!1m2!2m1!1sClapham+Guest+House!3m4!1s0x487605ab77864e49:0x34c86019c53f5b83!8m2!3d51.4681984!4d-0.1438021",guest house London United Kingdom,,,,,true,A,Guest House,1,true,true,Independent guest house operator; Single property operation; Ideal PulseHub customer profile
ChIJVWSZhRwbdkgRjUsgF-jBLyw,0x48761b1c85996455:0x2c2fc1e817204b8d,Central Victorian House,Guest house,"Guest house, Serviced accommodation",https://centralvictorianhouse.com/,+44 7907 493009,"101 Camden Rd, London NW1 9HA",London,NW1 9HA,United Kingdom of Great Britain and Northern Ireland,4.4,71,OPERATIONAL,"https://www.google.com/maps/place/Central+Victorian+House/@51.544349,-0.1356105,14z/data=!4m8!1m2!2m1!1sCentral+Victorian+House!3m4!1s0x48761b1c85996455:0x2c2fc1e817204b8d!8m2!3d51.544349!4d-0.1356105",guest house London United Kingdom,,,,,true,A,Guest House,1,true,true,Independent guesthouse operator; Single location management; Strong ratings and active operations
ChIJ-6XQ0ogFdkgRc2A6MkZobsM,0x48760588d2d0a5fb:0xc36e6846323a6073,Tenergy Icon Living,Property management company,Property management company,,+44 20 3242 0595,,London,SE17 1JL,United Kingdom of Great Britain and Northern Ireland,4.9,47,OPERATIONAL,"https://www.google.com/maps/place/Tenergy+Icon+Living/@51.490905999999995,-0.09776119999999999,14z/data=!4m8!1m2!2m1!1sTenergy+Icon+Living!3m4!1s0x48760588d2d0a5fb:0xc36e6846323a6073!8m2!3d51.490905999999995!4d-0.09776119999999999",co-living London United Kingdom,,,,,true,A,Co-living,unknown,true,true,Property management company focused on co-living operations; Independent operator managing accommodation directly; Strong rating indicates professional operation
ChIJAxrOjM0FdkgRR_Alu2CvBWc,0x487605cd8cce1a03:0x6705af60bb25f047,Brixton Junction,Furnished apartment building,"Furnished apartment building, Property management company, Serviced accommodation",,+44 20 4527 8689,,London,SE24 0QF,United Kingdom of Great Britain and Northern Ireland,4.6,31,OPERATIONAL,"https://www.google.com/maps/place/Brixton+Junction/@51.464116,-0.1025749,14z/data=!4m8!1m2!2m1!1sBrixton+Junction!3m4!1s0x487605cd8cce1a03:0x6705af60bb25f047!8m2!3d51.464116!4d-0.1025749",co-living London United Kingdom,,,,,true,A,Serviced accommodation / Co-living,1-10,true,true,Directly operates furnished/serviced accommodation; Co-living focus aligns with PulseHub target types; Independent operator profile
ChIJHVf8XqYcdkgRI1ox1unvtaY,0x48761ca65efc571d:0xa6b5efe9d6315a23,Bloom Coliving,Property management company,Property management company,,+44 20 3151 4015,,London,EC1V 1NR,United Kingdom of Great Britain and Northern Ireland,4.7,22,OPERATIONAL,"https://www.google.com/maps/place/Bloom+Coliving/@51.5279393,-0.08978359999999999,14z/data=!4m8!1m2!2m1!1sBloom+Coliving!3m4!1s0x48761ca65efc571d:0xa6b5efe9d6315a23!8m2!3d51.5279393!4d-0.08978359999999999",co-living London United Kingdom,,,,,true,A,Co-living,1-10,true,true,Co-living operator - core accommodation business; Property management company managing own properties; Independent operator ideal profile
ChIJ5TCqQXgbdkgRkXQa0Iziags,0x48761b7841aa30e5:0xb6ae28cd01a7491,Gravity Co Camden Town,Furnished apartment building,Furnished apartment building,https://gravitycoliving.com/location/camden-town/%3Futm_source%3Dgoogle%26utm_medium%3Dlocal%26utm_campaign%3Dgravityco-camden-town,+44 20 8163 2343,"Ground Floor, 31 Kentish Town Rd, London NW1 8NL",London,NW1 8NL,United Kingdom of Great Britain and Northern Ireland,5.0,6,OPERATIONAL,"https://www.google.com/maps/place/Gravity+Co+Camden+Town/@51.5407665,-0.14229719999999998,14z/data=!4m8!1m2!2m1!1sGravity+Co+Camden+Town!3m4!1s0x48761b7841aa30e5:0xb6ae28cd01a7491!8m2!3d51.5407665!4d-0.14229719999999998",co-living London United Kingdom,,,,,true,A,Co-living,unknown,true,true,Co-living operator actively managing furnished apartment buildings; Multiple locations suggest established independent business; Strong rating and active management of accommodation
ChIJ0c1oIYUadkgRkPBCARMtPVE,0x48761a852168cdd1:0x513d2d130142f090,Hampstead Green Hill Guest House,Guest house,Guest house,https://www.london-tokyo.co.uk/jp/pages/show/3/guesthouse,+44 20 7431 4550,"122C Finchley Rd, London NW3 5HT",London,NW3 5HT,United Kingdom of Great Britain and Northern Ireland,4.2,5,OPERATIONAL,"https://www.google.com/maps/place/Hampstead+Green+Hill+Guest+House/@51.5474746,-0.1791678,14z/data=!4m8!1m2!2m1!1sHampstead+Green+Hill+Guest+House!3m4!1s0x48761a852168cdd1:0x513d2d130142f090!8m2!3d51.5474746!4d-0.1791678",guest house London United Kingdom,,,,,true,A,Guest House,1,true,true,Independent guest house operator managing accommodation; Fits ideal customer profile for small accommodation business; Actively operating hospitality accommodation
ChIJYRQsGV0NdkgRTSldZZUodVo,0x48760d5d192c1461:0x5a752895655d294d,Richmond HMO Ltd,Property management company,Property management company,http://www.richmondhmo.co.uk/,+44 7310 000567,"Flat 9, 222 St. Margarets Rd, Twickenham TW1 1NP",Twickenham,TW1 1NP,United Kingdom of Great Britain and Northern Ireland,4.8,5,OPERATIONAL,"https://www.google.com/maps/place/Richmond+HMO+Ltd/@51.458803499999995,-0.3223972,14z/data=!4m8!1m2!2m1!1sRichmond+HMO+Ltd!3m4!1s0x48760d5d192c1461:0x5a752895655d294d!8m2!3d51.458803499999995!4d-0.3223972",HMO London United Kingdom,,,,,true,A,HMO,unknown,true,true,"Independent HMO property management company; Specialized in HMO operations, core business is accommodation management; Small independent operator with strong ratings"
ChIJs1q1wTwRdkgRKuMnmt8aTww,0x4876113cc1b55ab3:0xc4f1adf9a27e32a,Gravity Co - West Hampstead,Apartment Letting Agency,"Apartment Letting Agency, Furnished apartment building, Short term apartment rental agency",https://gravityco.co/location/west-hampstead/%3Futm_source%3Dgoogle%26utm_medium%3Dlocal%26utm_campaign%3Dgravity_west_hampstead,+44 20 8163 2343,"11 Dennington Park Rd, London NW6 1BB",London,NW6 1BB,United Kingdom of Great Britain and Northern Ireland,5.0,5,OPERATIONAL,"https://www.google.com/maps/place/Gravity+Co+-+West+Hampstead/@51.5498524,-0.1934718,14z/data=!4m8!1m2!2m1!1sGravity+Co+-+West+Hampstead!3m4!1s0x4876113cc1b55ab3:0xc4f1adf9a27e32a!8m2!3d51.5498524!4d-0.1934718",co-living London United Kingdom,,,,,true,A,Co-living,unknown,true,true,Co-living operator managing furnished apartments with multiple locations; Independent business actively operating accommodation properties; Established operator with strong ratings
ChIJu6Q1VoIbdkgRLwP--RgrdiQ,0x48761b825635a4bb:0x24762b18f9fe032f,Fllat - Coliving & Student Housing,Apartment Rental Agency,Apartment Rental Agency,,+44 7883 316368,,London,EC1V 8BW,United Kingdom of Great Britain and Northern Ireland,5.0,3,OPERATIONAL,"https://www.google.com/maps/place/Fllat+-+Coliving+%26+Student+Housing/@51.5283722,-0.09397839999999999,14z/data=!4m8!1m2!2m1!1sFllat+-+Coliving+%26+Student+Housing!3m4!1s0x48761b825635a4bb:0x24762b18f9fe032f!8m2!3d51.5283722!4d-0.09397839999999999",co-living London United Kingdom,,,,,true,A,"co-living, student accommodation",unknown,true,true,Co-living and student housing specialist with explicit focus on accommodation operations; Direct phone contact and London location; Clear alignment with PulseHub's target accommodation types
ChIJM4cpDTobdkgRx8LDQJ76Yu8,0x48761b3a0d298733:0xef62fa9e40c3c2c7,Generator London,Hostel,"Hostel, Bar, Cafe, Hotel, Serviced accommodation",https://staygenerator.com/hostels/london%3Futm_source%3Dgoogle-my-business%26utm_medium%3Dorganic%26utm_campaign%3Dhostel-London,+44 20 7388 7666,"37 Tavistock Pl, London WC1H 9SE",London,WC1H 9SE,United Kingdom of Great Britain and Northern Ireland,3.7,6087,OPERATIONAL,"https://www.google.com/maps/place/Generator+London/@51.5262045,-0.12482499999999999,14z/data=!4m8!1m2!2m1!1sGenerator+London!3m4!1s0x48761b3a0d298733:0xef62fa9e40c3c2c7!8m2!3d51.5262045!4d-0.12482499999999999",hostel London United Kingdom,,,,,true,B,Hostel,unknown,false,false,"Generator is a multi-property hostel chain, not an independent operator; Part of larger hospitality group with bar/cafe operations; Likely institutional scale makes founder outreach less appropriate"
ChIJt9C-KTcbdkgRJq74i41gJvE,0x48761b3729bed0b7:0xf126608d8bf8ae26,Smart Russell Square,Hostel,"Hostel, Hotel",https://www.smarthostels.com/hostels/smart-russell-square,+44 20 7101 2807,"71-72 Guilford St, London WC1N 1DF",London,WC1N 1DF,United Kingdom of Great Britain and Northern Ireland,3.3,3473,OPERATIONAL,"https://www.google.com/maps/place/Smart+Russell+Square/@51.5227976,-0.12320869999999999,14z/data=!4m8!1m2!2m1!1sSmart+Russell+Square!3m4!1s0x48761b3729bed0b7:0xf126608d8bf8ae26!8m2!3d51.5227976!4d-0.12320869999999999",hostel London United Kingdom,,,,,true,B,Hostel,unknown,false,false,Smart Hostels operates multiple locations (chain); Not independent single-property operator; Scale suggests corporate structure over PulseHub's ideal customer profile
ChIJj2GS5DgbdkgR5ByCB6VlX3M,0x48761b38e492618f:0x735f65a507821ce4,Clink261,Hostel,"Hostel, Youth hostel",https://www.clinkhostels.com/london/clink261/,+44 20 7183 9400,"261-265 Gray's Inn Rd, London WC1X 8QT",London,WC1X 8QT,United Kingdom of Great Britain and Northern Ireland,3.9,2782,OPERATIONAL,"https://www.google.com/maps/place/Clink261/@51.529061399999996,-0.1201225,14z/data=!4m8!1m2!2m1!1sClink261!3m4!1s0x48761b38e492618f:0x735f65a507821ce4!8m2!3d51.529061399999996!4d-0.1201225",hostel London United Kingdom,,,,,true,B,Hostel,unknown,false,false,Clink Hostels operates multiple locations (chain); Not independent single operator; Chain structure reduces sales priority
ChIJJVQ66DMbdkgRygLpueesB1o,0x48761b33e83a5425:0x5a07ace7b9e902ca,Astor Museum Hostel,Hostel,Hostel,https://www.astorhostels.com/,+44 20 7580 5360,"27 Montague St, London WC1B 5BH",London,WC1B 5BH,United Kingdom of Great Britain and Northern Ireland,4.2,964,OPERATIONAL,"https://www.google.com/maps/place/Astor+Museum+Hostel/@51.519537299999996,-0.1249057,14z/data=!4m8!1m2!2m1!1sAstor+Museum+Hostel!3m4!1s0x48761b33e83a5425:0x5a07ace7b9e902ca!8m2!3d51.519537299999996!4d-0.1249057",hostel London United Kingdom,,,,,true,B,Hostel,unknown,true,false,Operates hostel accommodation which fits PulseHub scope; Astor Hostels appears to be a small chain; unclear if independent or part of larger group; High review volume suggests established multi-property operator
ChIJg7J9bdIEdkgRJGYSczrrWzc,0x487604d26d7db283:0x375beb3a73126624,Victory House Leicester Square,Hotel,"Hotel, Bar, Restaurant",,+44 20 3909 4100,,London,WC2H 7BZ,United Kingdom of Great Britain and Northern Ireland,4.0,939,OPERATIONAL,"https://www.google.com/maps/place/Victory+House+Leicester+Square/@51.511230999999995,-0.1300103,14z/data=!4m8!1m2!2m1!1sVictory+House+Leicester+Square!3m4!1s0x487604d26d7db283:0x375beb3a73126624!8m2!3d51.511230999999995!4d-0.1300103",guest house London United Kingdom,,,,,true,B,Hotel,1,true,true,Hotel operator in prime London location; Operates accommodation as core business; Strong location and rating indicate established operation
ChIJiWVdTsQRdkgR2WSHDt7Wumo,0x487611c44e5d6589:0x6abad6de0e8764d9,The Collective Old Oak,Serviced accommodation,"Serviced accommodation, Group accommodation",,+44 20 3921 0561,,London,NW10 6FF,United Kingdom of Great Britain and Northern Ireland,4.1,818,OPERATIONAL,"https://www.google.com/maps/place/The+Collective+Old+Oak/@51.5288815,-0.25052979999999997,14z/data=!4m8!1m2!2m1!1sThe+Collective+Old+Oak!3m4!1s0x487611c44e5d6589:0x6abad6de0e8764d9!8m2!3d51.5288815!4d-0.25052979999999997",co-living London United Kingdom,,,,,true,B,Serviced accommodation/Co-living,1,true,true,Serviced accommodation and group accommodation operator; Matches co-living accommodation type; Core business is accommodation management
ChIJp6Z2b4APdkgRHHLmiNYDy8k,0x48760f806f76a6a7:0xc9cb03d688e6721c,Queen Elizabeth Hostel & Pub,Hostel,"Hostel, Bar",https://www.queenelizabethhostel.co.uk/,+44 7907 587578,"58 Bagleys Ln, London SW6 2BH",London,SW6 2BH,United Kingdom of Great Britain and Northern Ireland,3.3,786,OPERATIONAL,"https://www.google.com/maps/place/Queen+Elizabeth+Hostel+%26+Pub/@51.474695399999995,-0.1888317,14z/data=!4m8!1m2!2m1!1sQueen+Elizabeth+Hostel+%26+Pub!3m4!1s0x48760f806f76a6a7:0xc9cb03d688e6721c!8m2!3d51.474695399999995!4d-0.1888317",hostel London United Kingdom,,,,,true,B,Hostel,1,true,true,Small independent hostel operator fits ideal profile; Pub element is secondary to hostel accommodation focus; Single location suggests independent operator
ChIJ-cYVzdQEdkgRi8vH6gV_SjU,0x487604d4cd15c6f9:0x354a7f05eac7cb8b,Astor Oxford Street,Hostel,"Hostel, Hotel, Youth hostel",http://www.astorhostels.com/,+44 20 7734 1618,"14 Noel St, London W1F 8GJ",London,W1F 8GJ,United Kingdom of Great Britain and Northern Ireland,4.3,745,OPERATIONAL,"https://www.google.com/maps/place/Astor+Oxford+Street/@51.514820699999994,-0.1367688,14z/data=!4m8!1m2!2m1!1sAstor+Oxford+Street!3m4!1s0x487604d4cd15c6f9:0x354a7f05eac7cb8b!8m2!3d51.514820699999994!4d-0.1367688",hostel London United Kingdom; student accommodation London United Kingdom,,,,,true,B,Hostel,unknown,false,false,"Part of Astor Hostels chain operating multiple locations; While hostels fit scope, chain structure suggests not independent operator; Larger multi-property group less ideal than single operators"
ChIJqWtO078EdkgR4G8yaiJILhA,0x487604bfd34e6ba9:0x102e48226a326fe0,London Waterloo Hostel,Hostel,"Hostel, Extended stay hotel, Hotel",http://www.londonwaterloohostel.com/,+44 7743 635188,"73 Lambeth Walk, London SE11 6DX",London,SE11 6DX,United Kingdom of Great Britain and Northern Ireland,3.0,671,OPERATIONAL,"https://www.google.com/maps/place/London+Waterloo+Hostel/@51.4943222,-0.1144259,14z/data=!4m8!1m2!2m1!1sLondon+Waterloo+Hostel!3m4!1s0x487604bfd34e6ba9:0x102e48226a326fe0!8m2!3d51.4943222!4d-0.1144259",hostel London United Kingdom,,,,,true,B,Hostel,1,true,true,Independent hostel operator fits target profile; Extended stay and hotel features suggest diverse accommodation management; Single property with direct phone contact suggests small operator
ChIJdSAyrFUFdkgRvTJTtShYyxk,0x48760555ac322075:0x19cb5828b55332bd,Astor Kensington Hostel,Hostel,Hostel,http://www.astorhostels.com/,+44 20 7229 7782,"45 Queensborough Terrace, London W2 3SY",London,W2 3SY,United Kingdom of Great Britain and Northern Ireland,3.9,639,OPERATIONAL,"https://www.google.com/maps/place/Astor+Kensington+Hostel/@51.5117312,-0.18548889999999998,14z/data=!4m8!1m2!2m1!1sAstor+Kensington+Hostel!3m4!1s0x48760555ac322075:0x19cb5828b55332bd!8m2!3d51.5117312!4d-0.18548889999999998",hostel London United Kingdom,,,,,true,B,Hostel,unknown,false,false,"Part of Astor Hostels chain with multiple London locations; While hostels are ideal accommodation type, chain structure suggests corporate operator; Less suitable than independent single-property operators"
ChIJkdug2h0FdkgRUZGBoLmeaVY,0x4876051ddaa0db91:0x56699eb9a0819151,Onefam Waterloo Hostel London,Hostel,"Hostel, Student Accommodation Centre, Youth hostel",https://onefamhostels.com/waterloo-onefam-hostel-london/,+44 20 7582 3088,"null, 73 Lambeth Walk, London SE11 6DX",London,SE11 6DX,United Kingdom of Great Britain and Northern Ireland,4.5,478,OPERATIONAL,"https://www.google.com/maps/place/Onefam+Waterloo+Hostel+London/@51.4943196,-0.1143964,14z/data=!4m8!1m2!2m1!1sOnefam+Waterloo+Hostel+London!3m4!1s0x4876051ddaa0db91:0x56699eb9a0819151!8m2!3d51.4943196!4d-0.1143964",hostel London United Kingdom,,,,,true,B,Hostel,1-2,true,true,Independent hostel operator; Smaller scale accommodation business; Potential multi-property operator but appears mainly single site
ChIJrRdSNLobdkgRBqkbu5T4o_o,0x48761bba345217ad:0xfaa3f894bb1ba906,Argyle Square Hotel,Guest house,"Guest house, Hotel",https://www.argylesquarehotellondon.co.uk/,+44 20 7837 1418,"21-22 Argyle Square, London WC1H 8AS",London,WC1H 8AS,United Kingdom of Great Britain and Northern Ireland,3.4,317,OPERATIONAL,"https://www.google.com/maps/place/Argyle+Square+Hotel/@51.528900799999995,-0.121543,14z/data=!4m8!1m2!2m1!1sArgyle+Square+Hotel!3m4!1s0x48761bba345217ad:0xfaa3f894bb1ba906!8m2!3d51.528900799999995!4d-0.121543",guest house London United Kingdom,,,,,true,B,Guest house,1,true,true,Independent guest house operator; Operates accommodation as core business; Suitable property scale
ChIJ081Le-APdkgRvdoS0XepZhI,0x48760fe07b4bcdd3:0x1266a977d112dabd,23 Matheson Road,Guest house,Guest house,http://www.23mathesonroad.co.uk/,+44 20 7603 6350,"23 Matheson Rd, London W14 8SN",London,W14 8SN,United Kingdom of Great Britain and Northern Ireland,3.0,200,OPERATIONAL,"https://www.google.com/maps/place/23+Matheson+Road/@51.493421999999995,-0.2060446,14z/data=!4m8!1m2!2m1!1s23+Matheson+Road!3m4!1s0x48760fe07b4bcdd3:0x1266a977d112dabd!8m2!3d51.493421999999995!4d-0.2060446",guest house London United Kingdom,,,,,true,B,Guest House,1,true,true,Independent guest house operator matches accommodation management profile; Single property operation within 1-10 property target range; Direct accommodation operation as core business
ChIJkSQl0gYQdkgRTV8wB1bSfYQ,0x48761006d2252491:0x847dd25607305f4d,Torquay House (Royal Oak),Student Halls,"Student Halls, Youth hostel",https://lhalondon.com/properties/torquay-house/,+44 20 3911 5652,"1 Torquay St, London W2 5EJ",London,W2 5EJ,United Kingdom of Great Britain and Northern Ireland,4.5,177,OPERATIONAL,"https://www.google.com/maps/place/Torquay+House+%28Royal+Oak%29/@51.5201469,-0.1917394,14z/data=!4m8!1m2!2m1!1sTorquay+House+%28Royal+Oak%29!3m4!1s0x48761006d2252491:0x847dd25607305f4d!8m2!3d51.5201469!4d-0.1917394",student accommodation London United Kingdom; guest house London United Kingdom,,,,,true,B,Student Halls / Youth Hostel,unknown,true,false,Operates student halls and hostel accommodation which are target property types; Part of LHA London portfolio - appears to be small operator but scale/ownership structure unclear; Website suggests part of larger portfolio; independent operator status uncertain
ChIJG8fJsl8FdkgRUtnCDct1xWQ,0x4876055fb2c9c71b:0x64c575cb0dc2d952,Belvedere House (Gloucester Road),Student Halls,"Student Halls, Hostel",https://lhalondon.com/properties/belvedere-house/,+44 20 3911 5641,"6 Grenville Pl, London SW7 4RT",London,SW7 4RT,United Kingdom of Great Britain and Northern Ireland,4.2,150,OPERATIONAL,"https://www.google.com/maps/place/Belvedere+House+%28Gloucester+Road%29/@51.4956452,-0.1852237,14z/data=!4m8!1m2!2m1!1sBelvedere+House+%28Gloucester+Road%29!3m4!1s0x4876055fb2c9c71b:0x64c575cb0dc2d952!8m2!3d51.4956452!4d-0.1852237",student accommodation London United Kingdom,,,,,true,B,Student Halls / Hostel,unknown,true,false,Operates student halls and hostel - relevant accommodation types; Part of LHA London portfolio suggesting small operator status; Scale and full ownership structure unclear from available data
ChIJHbZXUZ0ddkgRg-AWaVyBgTg,0x48761d9d5157b61d:0x3881815c6916e083,Co-Lux Living,Property management company,Property management company,,+44 20 8004 5552,,London,EC1V 2NX,United Kingdom of Great Britain and Northern Ireland,4.7,121,OPERATIONAL,"https://www.google.com/maps/place/Co-Lux+Living/@51.527238499999996,-0.0886732,14z/data=!4m8!1m2!2m1!1sCo-Lux+Living!3m4!1s0x48761d9d5157b61d:0x3881815c6916e083!8m2!3d51.527238499999996!4d-0.0886732",co-living London United Kingdom,,,,,true,B,Co-living,unknown,true,false,Property management company operating co-living accommodation; Scale and number of properties unknown; May manage multiple independent properties
ChIJ2bn40-UPdkgRmmIM0lw7cl0,0x48760fe5d3f8b9d9:0x5d723b5cd20c629a,The Lost Poet,Guest house,"Guest house, Hotel",http://www.thelostpoet.co.uk/,+44 20 3915 5519,"6 Portobello Rd, London W11 3DG",London,W11 3DG,United Kingdom of Great Britain and Northern Ireland,4.9,121,OPERATIONAL,"https://www.google.com/maps/place/The+Lost+Poet/@51.511117,-0.1981577,14z/data=!4m8!1m2!2m1!1sThe+Lost+Poet!3m4!1s0x48760fe5d3f8b9d9:0x5d723b5cd20c629a!8m2!3d51.511117!4d-0.1981577",guest house London United Kingdom,,,,,true,B,Guest house / Hotel,1,true,true,"Independent guest house operator managing accommodation directly; Single property guest house fits ideal customer profile; Operates accommodation as core business, not incidental service"
ChIJvQlDbVcbdkgRvhdmsup7LaA,0x48761b576d4309bd:0xa02d7beab26617be,The Finsbury Guesthouse,Guest house,Guest house,https://finsburypark-gh.co.uk/,+44 20 7846 5277,"89 Blackstock Rd, Finsbury Park, London N4 2JW",London,N4 2JW,United Kingdom of Great Britain and Northern Ireland,4.4,104,OPERATIONAL,"https://www.google.com/maps/place/The+Finsbury+Guesthouse/@51.5625469,-0.1006931,14z/data=!4m8!1m2!2m1!1sThe+Finsbury+Guesthouse!3m4!1s0x48761b576d4309bd:0xa02d7beab26617be!8m2!3d51.5625469!4d-0.1006931",guest house London United Kingdom,,,,,true,B,Guest house,1,true,true,Independent guest house operator managing single property directly; Small-scale accommodation business fits ideal customer profile; Operates accommodation as primary business activity
ChIJsUY3aUcbdkgRk6KletAtaug,0x48761b47693746b1:0xe86a2dd07aa5a293,Budget Guest House,Guest house,"Guest house, Bed & breakfast",http://www.budgetguesthouse.co.uk/,+44 20 7837 2830,"23 Swinton St, London WC1X 9NL",London,WC1X 9NL,United Kingdom of Great Britain and Northern Ireland,2.0,88,OPERATIONAL,"https://www.google.com/maps/place/Budget+Guest+House/@51.5290581,-0.11682949999999999,14z/data=!4m8!1m2!2m1!1sBudget+Guest+House!3m4!1s0x48761b47693746b1:0xe86a2dd07aa5a293!8m2!3d51.5290581!4d-0.11682949999999999",guest house London United Kingdom,,,,,true,B,Guest House,1,true,true,Small independent guest house operation; Operates single location; Low rating suggests may benefit from PulseHub tools
ChIJ2USLDN0EdkgRzodnzTVUHI8,0x487604dd0c8b44d9:0x8f1c5435cd6787ce,Louise House,Student Halls,"Student Halls, Hostel, Public housing",https://louisehouse.co.uk/,+44 7985 103914,"33 Medway St, London SW1P 2BE",London,SW1P 2BE,United Kingdom of Great Britain and Northern Ireland,3.6,87,OPERATIONAL,"https://www.google.com/maps/place/Louise+House/@51.4953408,-0.1316273,14z/data=!4m8!1m2!2m1!1sLouise+House!3m4!1s0x487604dd0c8b44d9:0x8f1c5435cd6787ce!8m2!3d51.4953408!4d-0.1316273",student accommodation London United Kingdom; co-living London United Kingdom,,,,,true,B,Student Accommodation/Hostel/Co-living,unknown,true,true,Small operator with mixed accommodation types; Independent operation suggested by contact details; Could be ideal scale for PulseHub
ChIJP4pYsAkFdkgRKrmRhqxjWeM,0x48760509b0588a3f:0xe35963ac8691b92a,"The Lark, Nine Elms",Furnished apartment building,Furnished apartment building,http://www.thelarknineelms.com/,+44 300 124 5527,"5 Moat St, Nine Elms, London SW11 7EA",London,SW11 7EA,United Kingdom of Great Britain and Northern Ireland,4.4,62,OPERATIONAL,"https://www.google.com/maps/place/The+Lark%2C+Nine+Elms/@51.480480299999996,-0.1368179,14z/data=!4m8!1m2!2m1!1sThe+Lark%2C+Nine+Elms!3m4!1s0x48760509b0588a3f:0xe35963ac8691b92a!8m2!3d51.480480299999996!4d-0.1368179",co-living London United Kingdom,,,,,true,B,Co-living/Furnished Apartments,1,true,true,Appears to be managed rental/co-living operation; Single building property; Could fit co-living accommodation profile
ChIJLf2UEkwFdkgRtGq9mTN__ys,0x4876054c1294fd2d:0x2bff7f3399bd6ab4,Lyvly,Property management company,Property management company,,+44 20 3868 7423,"York House, 221 Pentonville Road, London N1 9UZ, London EC1M 6HA",London,EC1M 6HA,United Kingdom of Great Britain and Northern Ireland,3.8,51,OPERATIONAL,"https://www.google.com/maps/place/Lyvly/@51.5308564,-0.11728039999999999,14z/data=!4m8!1m2!2m1!1sLyvly!3m4!1s0x4876054c1294fd2d:0x2bff7f3399bd6ab4!8m2!3d51.5308564!4d-0.11728039999999999",co-living London United Kingdom,,,,,true,B,Co-living/Mixed,unknown,true,false,Property management company in co-living sector; Scale and property count not established; Potentially manages multiple properties
ChIJh4whjggFdkgRGcm47GsqT5I,0x487605088e218c87:0x924f2a6becb8c919,My Property Group,Property management company,Property management company,,+44 7457 411594,,London,SW1V 1EJ,United Kingdom of Great Britain and Northern Ireland,5.0,31,OPERATIONAL,"https://www.google.com/maps/place/My+Property+Group/@51.4939119,-0.1407464,14z/data=!4m8!1m2!2m1!1sMy+Property+Group!3m4!1s0x487605088e218c87:0x924f2a6becb8c919!8m2!3d51.4939119!4d-0.1407464",HMO London United Kingdom,,,,,true,B,unknown,unknown,true,true,Property management company likely operates accommodation; Insufficient detail on property count and types managed
ChIJG5CFzsIEdkgRaS3u_zepPDY,0x487604c2ce85901b:0x363ca937ffee2d69,Romney House,Apartment building,Apartment building,,,"423, Romney House, 47 Marsham St, London SW1P 3DR",London,SW1P 3DR,United Kingdom of Great Britain and Northern Ireland,4.0,11,OPERATIONAL,"https://www.google.com/maps/place/Romney+House/@51.49586,-0.12898869999999998,14z/data=!4m8!1m2!2m1!1sRomney+House!3m4!1s0x487604c2ce85901b:0x363ca937ffee2d69!8m2!3d51.49586!4d-0.12898869999999998",HMO London United Kingdom,,,,,true,B,Apartment building,unknown,true,true,Apartment building suggests accommodation operation; Insufficient data on management structure and property count
ChIJ_SnMOu4ddkgRj1nHhdk_5Ts,0x48761dee3acc29fd:0x3be53fd985c7598f,Covenant Living Limited,Short term apartment rental agency,Short term apartment rental agency,,+44 7541 501677,,London,EC2A 4NE,United Kingdom of Great Britain and Northern Ireland,5.0,10,OPERATIONAL,"https://www.google.com/maps/place/Covenant+Living+Limited/@51.525622399999996,-0.0836253,14z/data=!4m8!1m2!2m1!1sCovenant+Living+Limited!3m4!1s0x48761dee3acc29fd:0x3be53fd985c7598f!8m2!3d51.525622399999996!4d-0.0836253",co-living London United Kingdom,,,,,true,B,Short-term rental accommodation,unknown,true,true,Short-term rental agency indicates accommodation management; Property count and ownership structure unclear
ChIJhdcOBKcWdkgRavROhDAZdhI,0x487616a7040ed785:0x12761930844ef46a,Spacious Brand New Large Studio London Apartment By UK HMO 105,Apartment,"Apartment, Vacation rental",https://br.bluepillow.com/search/648620c07f7e24c1923122ad%3Fdest%3Dbkng%26cat%3DApartment%26lat%3D51.61237%26lng%3D-0.28077%26language%3Dpt,,Edgware HA8 7EL,Edgware,HA8 7EL,United Kingdom of Great Britain and Northern Ireland,3.7,8,OPERATIONAL,"https://www.google.com/maps/place/Spacious+Brand+New+Large+Studio+London+Apartment+By+UK+HMO+105/@51.6123695,-0.28076999999999996,14z/data=!4m8!1m2!2m1!1sSpacious+Brand+New+Large+Studio+London+Apartment+By+UK+HMO+105!3m4!1s0x487616a7040ed785:0x12761930844ef46a!8m2!3d51.6123695!4d-0.28076999999999996",HMO London United Kingdom,,,,,true,B,HMO/Vacation Rental,1,true,true,Appears to operate at least one HMO property; Independent operator managing accommodation; Limited evidence of scale or portfolio beyond single listing
ChIJ2bBQ6ZEFdkgRazF0YgTT_Zc,0x48760591e950b0d9:0x97fdd3046274316b,Kosy Living Limited,Property management company,"Property management company, Property Developer",http://www.kosyliving.co.uk/,+44 20 3992 8898,"12 Hay Hill, London W1J 8NR",London,W1J 8NR,United Kingdom of Great Britain and Northern Ireland,3.3,7,OPERATIONAL,"https://www.google.com/maps/place/Kosy+Living+Limited/@51.509211799999996,-0.1438323,14z/data=!4m8!1m2!2m1!1sKosy+Living+Limited!3m4!1s0x48760591e950b0d9:0x97fdd3046274316b!8m2!3d51.509211799999996!4d-0.1438323",co-living London United Kingdom,,,,,true,B,Co-living,unknown,true,true,Property management company specializing in co-living; Operates accommodation properties in London; Scale of portfolio unclear from available information
ChIJWQeubqoDdkgRUndblscKsM8,0x487603aa6eae0759:0xcfb00ac7965b7752,Folk Co-living,Housing Development,Housing Development,,+44 20 7078 7062,,London,EC2N 1AR,United Kingdom of Great Britain and Northern Ireland,3.5,6,OPERATIONAL,"https://www.google.com/maps/place/Folk+Co-living/@51.5147603,-0.0859606,14z/data=!4m8!1m2!2m1!1sFolk+Co-living!3m4!1s0x487603aa6eae0759:0xcfb00ac7965b7752!8m2!3d51.5147603!4d-0.0859606",co-living London United Kingdom,,,,,true,B,Co-living,unknown,true,true,"Co-living housing developer - accommodation focused; Development-stage company, operational management scope unclear"
ChIJkeytzjkbdkgRPXdRHT4HlG8,0x48761b39ceadec91:0x6f94073e1d51773d,Cornwall House,Flat Complex,Flat Complex,,,"7 Allsop Pl, London NW1 5BF",London,NW1 5BF,United Kingdom of Great Britain and Northern Ireland,4.8,4,OPERATIONAL,"https://www.google.com/maps/place/Cornwall+House/@51.523249899999996,-0.15624,14z/data=!4m8!1m2!2m1!1sCornwall+House!3m4!1s0x48761b39ceadec91:0x6f94073e1d51773d!8m2!3d51.523249899999996!4d-0.15624",HMO London United Kingdom,,,,,true,B,Flat complex,unknown,true,true,Flat complex suggests multi-unit accommodation operation; Limited review data and operational detail available
ChIJ4aqsLbAadkgRQqV3dLWzLEA,0x48761ab02dacaae1:0x402cb3b57477a542,Heywood House,Housing complex,Housing complex,,,,London,W2 1NG,United Kingdom of Great Britain and Northern Ireland,4.7,3,OPERATIONAL,"https://www.google.com/maps/place/Heywood+House/@51.523174999999995,-0.1755623,14z/data=!4m8!1m2!2m1!1sHeywood+House!3m4!1s0x48761ab02dacaae1:0x402cb3b57477a542!8m2!3d51.523174999999995!4d-0.1755623",HMO London United Kingdom,,,,,true,B,HMO/shared accommodation,unknown,true,false,Housing complex in London postcode W2 with decent rating (4.7); Limited contact information and no website suggests small operator; Insufficient evidence of active management operations
ChIJmTwxpAYFdkgR5v53GNXvv_w,0x48760506a4313c99:0xfcbfefd51877fee6,Holmby House,Apartment building,Apartment building,,,"2 Prospect Wy, Nine Elms, London SW11 8DJ",London,SW11 8DJ,United Kingdom of Great Britain and Northern Ireland,3.7,3,OPERATIONAL,"https://www.google.com/maps/place/Holmby+House/@51.480575099999996,-0.14402099999999998,14z/data=!4m8!1m2!2m1!1sHolmby+House!3m4!1s0x48760506a4313c99:0xfcbfefd51877fee6!8m2!3d51.480575099999996!4d-0.14402099999999998",HMO London United Kingdom,,,,,true,B,apartment building/HMO,unknown,true,false,"Apartment building in Nine Elms, London with active location; Limited review data and no contact information; Unclear if actively managed as accommodation business"
ChIJz_tjel4TdkgRBa98LjHvhmI,0x4876135e7a63fbcf:0x6286ef312e7caf05,HMO Management London,Property management company,Property management company,https://www.hmomanagement.agency/,+44 20 3488 7319,"Ealing Rd, Wembley HA0 4PZ",Wembley,HA0 4PZ,United Kingdom of Great Britain and Northern Ireland,,,OPERATIONAL,"https://www.google.com/maps/place/HMO+Management+London/@51.5394553,-0.2995963,14z/data=!4m8!1m2!2m1!1sHMO+Management+London!3m4!1s0x4876135e7a63fbcf:0x6286ef312e7caf05!8m2!3d51.5394553!4d-0.2995963",HMO London United Kingdom,,,,,true,B,HMO,unknown,true,true,"Operates HMO properties which matches ideal customer profile; Property count unknown, scale uncertain; Management company suggests active operations"
ChIJoexDS1cbdkgR_O4sqYQqjKE,0x48761b574b43eca1:0xa18c2a84a92ceefc,HMOhub,Property management company,Property management company,https://www.hmohub.co.uk/contact/,+44 20 3970 4112,"Goswell Rd., Greater, London EC1V 7EN",London,EC1V 7EN,United Kingdom of Great Britain and Northern Ireland,,,OPERATIONAL,"https://www.google.com/maps/place/HMOhub/@51.5243538,-0.0998879,14z/data=!4m8!1m2!2m1!1sHMOhub!3m4!1s0x48761b574b43eca1:0xa18c2a84a92ceefc!8m2!3d51.5243538!4d-0.0998879",HMO London United Kingdom,,,,,true,B,HMO,unknown,true,true,HMO property management company with operational focus; Property count and specific operations unknown; Potentially relevant but limited evidence of scale
ChIJNQvoCqYcdkgRSmd4beSGG1c,0x48761ca60ae80b35:0x571b86e46d78674a,TS HMO Management,Property management company,Property management company,http://ts-hmo-management.com/,+44 7938 038187,"124, 128 City Rd, London EC1V 2NX",London,EC1V 2NX,United Kingdom of Great Britain and Northern Ireland,,,OPERATIONAL,"https://www.google.com/maps/place/TS+HMO+Management/@51.5267154,-0.08822959999999999,14z/data=!4m8!1m2!2m1!1sTS+HMO+Management!3m4!1s0x48761ca60ae80b35:0x571b86e46d78674a!8m2!3d51.5267154!4d-0.08822959999999999",HMO London United Kingdom,,,,,true,B,HMO,unknown,true,true,HMO management company with operational focus; Limited public information on property count and scale; Appears to be active small operator
ChIJuX6eYSkbdkgRrvSnsCuOQ-M,0x48761b29619e7eb9:0xe3438e2bb0a7f4ae,Co-Living Group,Serviced accommodation,Serviced accommodation,http://co-living.group/,,"83 Charlotte St., London W1T 4PR",London,W1T 4PR,United Kingdom of Great Britain and Northern Ireland,,,OPERATIONAL,"https://www.google.com/maps/place/Co-Living+Group/@51.520339799999995,-0.1368791,14z/data=!4m8!1m2!2m1!1sCo-Living+Group!3m4!1s0x48761b29619e7eb9:0xe3438e2bb0a7f4ae!8m2!3d51.520339799999995!4d-0.1368791",co-living London United Kingdom,,,,,true,B,Co-living,unknown,true,true,Co-living operator matches accommodation types served by PulseHub; Property count and operational scale unknown; Relevant accommodation type but limited evidence of operations
